t,p,tf,noise_percentage
5,4,0,100
4,4,1,100
3,1,0,100
6,4,0,100
3,1,0,100
0,1,0,100
10,1,0,100
6,1,0,100
0,1,0,100
13,13,1,100
9,1,0,100
7,1,0,100
10,1,0,100
11,4,0,100
6,1,0,100
2,1,0,100
7,4,0,100
3,1,0,100
14,1,0,100
9,1,0,100
13,4,0,100
5,1,0,100
2,4,0,100
12,4,0,100
13,13,1,100
0,1,0,100
6,12,0,100
2,1,0,100
10,1,0,100
1,1,1,100
11,4,0,100
14,1,0,100
0,1,0,100
8,4,0,100
9,1,0,100
14,1,0,100
9,1,0,100
12,1,0,100
0,1,0,100
8,4,0,100
7,1,0,100
1,1,1,100
14,1,0,100
11,1,0,100
13,1,0,100
9,1,0,100
9,1,0,100
9,1,0,100
11,1,0,100
2,2,1,100
8,1,0,100
8,4,0,100
11,4,0,100
5,1,0,100
12,4,0,100
4,1,0,100
10,4,0,100
2,4,0,100
12,1,0,100
9,1,0,100
1,1,1,100
10,1,0,100
14,4,0,100
7,4,0,100
12,1,0,100
14,1,0,100
9,1,0,100
2,4,0,100
13,1,0,100
1,1,1,100
2,4,0,100
13,1,0,100
4,4,1,100
10,4,0,100
4,1,0,100
14,1,0,100
6,4,0,100
0,1,0,100
1,1,1,100
1,1,1,100
2,12,0,100
0,1,0,100
1,1,1,100
1,1,1,100
3,1,0,100
5,1,0,100
11,1,0,100
13,1,0,100
10,12,0,100
9,4,0,100
9,1,0,100
0,1,0,100
12,4,0,100
11,1,0,100
13,1,0,100
12,4,0,100
6,1,0,100
11,4,0,100
9,1,0,100
13,13,1,100
4,4,1,100
13,2,0,100
5,1,0,100
10,1,0,100
1,1,1,100
14,1,0,100
3,1,0,100
1,1,1,100
0,4,0,100
5,1,0,100
5,1,0,100
3,1,0,100
2,1,0,100
9,1,0,100
4,1,0,100
6,4,0,100
8,1,0,100
7,12,0,100
11,13,0,100
12,1,0,100
9,1,0,100
1,1,1,100
13,1,0,100
3,4,0,100
5,1,0,100
6,12,0,100
8,4,0,100
1,1,1,100
6,4,0,100
2,1,0,100
2,1,0,100
2,1,0,100
12,1,0,100
4,1,0,100
7,1,0,100
4,4,1,100
9,1,0,100
3,1,0,100
3,1,0,100
9,1,0,100
7,1,0,100
14,1,0,100
11,4,0,100
3,1,0,100
1,1,1,100
3,1,0,100
5,1,0,100
13,1,0,100
9,1,0,100
8,1,0,100
9,1,0,100
4,4,1,100
11,1,0,100
9,1,0,100
10,1,0,100
13,13,1,100
11,4,0,100
0,1,0,100
9,1,0,100
9,1,0,100
13,1,0,100
14,1,0,100
2,1,0,100
0,1,0,100
3,1,0,100
14,1,0,100
12,1,0,100
13,13,1,100
7,4,0,100
8,1,0,100
8,1,0,100
11,1,0,100
2,1,0,100
10,1,0,100
14,1,0,100
1,1,1,100
3,1,0,100
14,1,0,100
8,1,0,100
14,1,0,100
9,1,0,100
5,1,0,100
14,1,0,100
5,1,0,100
12,1,0,100
0,1,0,100
4,1,0,100
1,1,1,100
2,1,0,100
9,1,0,100
9,1,0,100
14,4,0,100
11,1,0,100
10,1,0,100
0,4,0,100
9,1,0,100
14,4,0,100
7,4,0,100
2,1,0,100
13,1,0,100
13,13,1,100
1,1,1,100
0,1,0,100
1,1,1,100
1,1,1,100
13,13,1,100
11,1,0,100
5,1,0,100
5,1,0,100
7,4,0,100
3,1,0,100
13,1,0,100
6,10,0,100
12,4,0,100
5,1,0,100
6,4,0,100
12,4,0,100
4,1,0,100
9,1,0,100
0,1,0,100
14,4,0,100
9,4,0,100
13,13,1,100
12,1,0,100
9,1,0,100
3,1,0,100
7,4,0,100
4,1,0,100
10,12,0,100
1,1,1,100
5,1,0,100
9,1,0,100
11,4,0,100
3,1,0,100
14,14,1,100
6,1,0,100
14,1,0,100
11,4,0,100
10,4,0,100
10,1,0,100
13,1,0,100
1,1,1,100
4,1,0,100
3,4,0,100
12,1,0,100
10,4,0,100
7,4,0,100
14,1,0,100
3,1,0,100
12,1,0,100
2,1,0,100
4,1,0,100
13,13,1,100
8,1,0,100
13,1,0,100
12,1,0,100
4,1,0,100
1,1,1,100
12,4,0,100
5,1,0,100
3,1,0,100
10,1,0,100
6,12,0,100
1,1,1,100
13,13,1,100
8,1,0,100
4,4,1,100
12,4,0,100
13,13,1,100
12,1,0,100
11,1,0,100
9,1,0,100
11,4,0,100
9,1,0,100
5,1,0,100
10,4,0,100
4,1,0,100
1,1,1,100
9,1,0,100
12,4,0,100
8,1,0,100
10,4,0,100
0,1,0,100
11,4,0,100
11,4,0,100
4,4,1,100
2,12,0,100
10,12,0,100
5,1,0,100
4,1,0,100
0,1,0,100
8,1,0,100
10,1,0,100
13,1,0,100
13,1,0,100
10,1,0,100
13,1,0,100
10,1,0,100
7,1,0,100
12,4,0,100
13,1,0,100
10,1,0,100
7,4,0,100
0,1,0,100
0,1,0,100
12,4,0,100
3,10,0,100
9,1,0,100
3,1,0,100
3,1,0,100
13,1,0,100
8,4,0,100
3,4,0,100
11,4,0,100
2,1,0,100
11,4,0,100
13,1,0,100
6,12,0,100
0,1,0,100
2,1,0,100
12,1,0,100
4,1,0,100
1,1,1,100
10,1,0,100
5,1,0,100
7,1,0,100
0,1,0,100
14,1,0,100
14,1,0,100
8,1,0,100
14,1,0,100
1,1,1,100
6,1,0,100
10,1,0,100
0,1,0,100
0,1,0,100
0,1,0,100
11,4,0,100
1,1,1,100
12,4,0,100
2,4,0,100
4,1,0,100
6,1,0,100
2,1,0,100
9,1,0,100
7,4,0,100
7,1,0,100
1,1,1,100
2,2,1,100
1,1,1,100
3,1,0,100
14,1,0,100
0,1,0,100
14,10,0,100
11,1,0,100
3,4,0,100
7,4,0,100
4,1,0,100
12,4,0,100
0,1,0,100
8,1,0,100
10,4,0,100
6,1,0,100
1,1,1,100
11,1,0,100
12,4,0,100
1,1,1,100
7,4,0,100
13,13,1,100
0,4,0,100
5,1,0,100
11,4,0,100
2,1,0,100
9,4,0,100
12,4,0,100
2,1,0,100
5,1,0,100
14,4,0,100
1,1,1,100
12,1,0,100
13,13,1,100
3,1,0,100
2,4,0,100
2,1,0,100
7,1,0,100
0,1,0,100
5,1,0,100
13,13,1,100
0,1,0,100
8,1,0,100
1,1,1,100
13,4,0,100
5,1,0,100
7,4,0,100
1,1,1,100
11,4,0,100
3,1,0,100
10,4,0,100
9,1,0,100
0,1,0,100
11,13,0,100
5,1,0,100
10,1,0,100
10,4,0,100
4,1,0,100
14,1,0,100
8,4,0,100
12,1,0,100
4,4,1,100
6,1,0,100
1,1,1,100
2,1,0,100
6,4,0,100
12,4,0,100
2,1,0,100
6,4,0,100
0,1,0,100
9,1,0,100
13,1,0,100
6,4,0,100
14,1,0,100
7,4,0,100
9,4,0,100
14,1,0,100
0,1,0,100
12,1,0,100
11,4,0,100
4,4,1,100
0,1,0,100
1,1,1,100
11,4,0,100
13,1,0,100
14,1,0,100
0,1,0,100
9,1,0,100
12,1,0,100
4,1,0,100
5,1,0,100
11,1,0,100
4,1,0,100
7,1,0,100
14,1,0,100
7,1,0,100
12,4,0,100
11,4,0,100
5,4,0,100
0,1,0,100
6,1,0,100
13,1,0,100
11,1,0,100
3,1,0,100
5,1,0,100
7,4,0,100
11,4,0,100
4,1,0,100
9,1,0,100
4,4,1,100
3,1,0,100
11,4,0,100
3,4,0,100
11,1,0,100
12,4,0,100
4,1,0,100
13,13,1,100
0,1,0,100
1,1,1,100
12,4,0,100
13,1,0,100
12,1,0,100
2,1,0,100
5,1,0,100
11,4,0,100
6,4,0,100
10,1,0,100
6,1,0,100
9,1,0,100
9,4,0,100
6,4,0,100
5,1,0,100
8,1,0,100
12,10,0,100
5,4,0,100
7,4,0,100
13,1,0,100
2,1,0,100
8,1,0,100
7,4,0,100
1,1,1,100
8,1,0,100
1,1,1,100
2,1,0,100
14,1,0,100
4,1,0,100
4,1,0,100
5,1,0,100
1,1,1,100
13,13,1,100
0,1,0,100
10,1,0,100
14,1,0,100
1,1,1,100
2,1,0,100
1,1,1,100
2,4,0,100
8,1,0,100
8,1,0,100
7,4,0,100
10,1,0,100
5,1,0,100
6,4,0,100
2,1,0,100
6,4,0,100
10,1,0,100
5,1,0,100
1,1,1,100
1,1,1,100
4,4,1,100
0,4,0,100
10,1,0,100
9,1,0,100
6,4,0,100
14,1,0,100
12,1,0,100
6,1,0,100
1,1,1,100
7,4,0,100
4,4,1,100
5,1,0,100
9,1,0,100
11,4,0,100
1,1,1,100
3,1,0,100
10,1,0,100
0,1,0,100
2,1,0,100
9,1,0,100
10,1,0,100
0,1,0,100
5,1,0,100
9,1,0,100
8,1,0,100
14,1,0,100
10,1,0,100
13,1,0,100
8,1,0,100
1,1,1,100
0,1,0,100
1,1,1,100
4,1,0,100
8,4,0,100
13,1,0,100
4,4,1,100
8,1,0,100
7,4,0,100
7,4,0,100
11,4,0,100
0,1,0,100
0,1,0,100
9,1,0,100
14,1,0,100
11,4,0,100
9,1,0,100
9,1,0,100
8,1,0,100
3,1,0,100
14,1,0,100
7,1,0,100
1,1,1,100
7,1,0,100
11,4,0,100
6,1,0,100
1,1,1,100
8,1,0,100
7,4,0,100
9,1,0,100
1,1,1,100
2,1,0,100
5,1,0,100
14,4,0,100
2,2,1,100
11,4,0,100
13,1,0,100
4,1,0,100
11,4,0,100
14,1,0,100
14,1,0,100
5,1,0,100
10,1,0,100
3,1,0,100
5,1,0,100
3,1,0,100
13,1,0,100
3,1,0,100
10,1,0,100
0,1,0,100
1,1,1,100
1,1,1,100
14,9,0,100
2,1,0,100
5,1,0,100
7,1,0,100
13,1,0,100
1,1,1,100
5,1,0,100
5,1,0,100
10,1,0,100
6,1,0,100
9,1,0,100
10,1,0,100
10,1,0,100
3,1,0,100
4,1,0,100
4,1,0,100
5,1,0,100
5,1,0,100
5,1,0,100
2,1,0,100
7,1,0,100
6,12,0,100
6,4,0,100
2,1,0,100
0,4,0,100
7,4,0,100
14,12,0,100
3,1,0,100
5,1,0,100
13,4,0,100
14,1,0,100
12,12,1,100
12,1,0,100
3,1,0,100
1,1,1,100
13,13,1,100
3,1,0,100
12,1,0,100
6,1,0,100
7,4,0,100
9,1,0,100
12,4,0,100
6,1,0,100
7,4,0,100
12,4,0,100
12,4,0,100
9,1,0,100
10,1,0,100
10,1,0,100
5,1,0,100
11,4,0,100
14,1,0,100
8,1,0,100
4,1,0,100
13,1,0,100
2,1,0,100
8,1,0,100
13,13,1,100
0,1,0,100
1,1,1,100
12,4,0,100
8,1,0,100
0,1,0,100
12,4,0,100
12,1,0,100
1,1,1,100
13,1,0,100
11,4,0,100
12,1,0,100
6,4,0,100
11,1,0,100
8,1,0,100
1,1,1,100
10,1,0,100
14,1,0,100
0,1,0,100
3,1,0,100
12,1,0,100
3,1,0,100
9,1,0,100
1,1,1,100
3,1,0,100
9,1,0,100
2,4,0,100
12,4,0,100
3,1,0,100
3,1,0,100
10,1,0,100
8,1,0,100
4,4,1,100
12,4,0,100
1,1,1,100
6,1,0,100
7,4,0,100
1,1,1,100
2,12,0,100
8,1,0,100
10,1,0,100
12,4,0,100
12,4,0,100
10,4,0,100
12,1,0,100
4,1,0,100
13,1,0,100
3,1,0,100
14,1,0,100
0,4,0,100
6,10,0,100
4,4,1,100
11,4,0,100
12,1,0,100
14,1,0,100
2,1,0,100
3,1,0,100
3,1,0,100
1,1,1,100
13,13,1,100
1,1,1,100
6,4,0,100
0,1,0,100
0,1,0,100
3,1,0,100
9,1,0,100
3,4,0,100
6,4,0,100
11,4,0,100
12,4,0,100
2,1,0,100
0,1,0,100
7,12,0,100
0,1,0,100
3,1,0,100
3,1,0,100
3,1,0,100
11,4,0,100
5,4,0,100
8,4,0,100
6,4,0,100
13,1,0,100
7,1,0,100
6,4,0,100
5,1,0,100
12,1,0,100
13,1,0,100
6,1,0,100
5,1,0,100
6,4,0,100
12,1,0,100
9,1,0,100
12,4,0,100
4,4,1,100
13,1,0,100
10,10,1,100
0,1,0,100
9,1,0,100
1,1,1,100
4,1,0,100
4,4,1,100
6,4,0,100
10,1,0,100
0,1,0,100
5,1,0,100
13,1,0,100
8,1,0,100
1,1,1,100
5,1,0,100
7,1,0,100
13,1,0,100
14,1,0,100
2,1,0,100
13,13,1,100
6,4,0,100
2,1,0,100
3,12,0,100
8,1,0,100
4,1,0,100
6,1,0,100
7,4,0,100
3,1,0,100
7,1,0,100
8,1,0,100
14,1,0,100
13,1,0,100
1,1,1,100
2,1,0,100
3,4,0,100
11,12,0,100
0,1,0,100
3,1,0,100
6,1,0,100
12,4,0,100
11,4,0,100
11,1,0,100
6,4,0,100
14,1,0,100
4,1,0,100
5,4,0,100
4,1,0,100
0,1,0,100
6,4,0,100
9,1,0,100
14,1,0,100
1,1,1,100
10,1,0,100
13,1,0,100
3,1,0,100
4,1,0,100
7,4,0,100
9,1,0,100
12,4,0,100
11,1,0,100
1,1,1,100
4,4,1,100
10,1,0,100
0,1,0,100
13,1,0,100
6,4,0,100
4,4,1,100
12,4,0,100
0,1,0,100
11,4,0,100
12,4,0,100
2,12,0,100
8,4,0,100
0,1,0,100
1,1,1,100
2,4,0,100
14,1,0,100
4,4,1,100
3,1,0,100
6,4,0,100
0,1,0,100
3,1,0,100
5,1,0,100
4,1,0,100
1,1,1,100
5,1,0,100
3,1,0,100
10,1,0,100
13,1,0,100
10,12,0,100
4,4,1,100
7,4,0,100
1,1,1,100
1,1,1,100
9,1,0,100
9,1,0,100
13,1,0,100
0,4,0,100
0,1,0,100
13,1,0,100
13,1,0,100
10,1,0,100
11,4,0,100
14,1,0,100
1,1,1,100
14,1,0,100
7,4,0,100
5,1,0,100
0,1,0,100
0,1,0,100
7,4,0,100
14,1,0,100
13,1,0,100
1,1,1,100
4,1,0,100
2,10,0,100
3,1,0,100
0,1,0,100
4,1,0,100
12,1,0,100
5,1,0,100
12,1,0,100
3,1,0,100
1,1,1,100
8,1,0,100
4,1,0,100
12,4,0,100
5,1,0,100
3,1,0,100
7,1,0,100
7,1,0,100
10,1,0,100
0,1,0,100
1,1,1,100
0,1,0,100
7,4,0,100
5,1,0,100
14,1,0,100
6,1,0,100
10,1,0,100
6,1,0,100
13,1,0,100
3,4,0,100
6,4,0,100
4,4,1,100
9,1,0,100
12,12,1,100
13,13,1,100
11,4,0,100
10,1,0,100
11,4,0,100
5,1,0,100
4,1,0,100
11,1,0,100
1,1,1,100
3,1,0,100
1,1,1,100
12,4,0,100
0,1,0,100
12,4,0,100
10,4,0,100
8,4,0,100
14,1,0,100
9,1,0,100
3,1,0,100
13,1,0,100
2,12,0,100
1,1,1,100
13,1,0,100
2,1,0,100
6,4,0,100
9,1,0,100
5,4,0,100
1,1,1,100
3,1,0,100
7,1,0,100
2,12,0,100
11,1,0,100
14,1,0,100
5,1,0,100
13,1,0,100
13,1,0,100
9,1,0,100
5,1,0,100
14,1,0,100
2,1,0,100
9,1,0,100
0,1,0,100
14,1,0,100
9,1,0,100
12,4,0,100
13,13,1,100
0,1,0,100
13,13,1,100
9,1,0,100
8,1,0,100
7,1,0,100
7,4,0,100
13,13,1,100
10,1,0,100
12,1,0,100
0,1,0,100
7,4,0,100
3,1,0,100
4,4,1,100
6,4,0,100
0,1,0,100
9,4,0,100
10,1,0,100
11,4,0,100
5,1,0,100
4,1,0,100
2,1,0,100
12,1,0,100
4,1,0,100
6,10,0,100
10,12,0,100
7,13,0,100
0,1,0,100
4,1,0,100
1,1,1,100
4,1,0,100
5,1,0,100
7,1,0,100
7,4,0,100
12,1,0,100
6,4,0,100
2,1,0,100
3,4,0,100
1,1,1,100
5,1,0,100
2,1,0,100
9,1,0,100
4,4,1,100
4,1,0,100
12,4,0,100
0,1,0,100
1,1,1,100
12,1,0,100
13,13,1,100
2,1,0,100
2,1,0,100
10,1,0,100
8,1,0,100
0,1,0,100
1,1,1,100
11,4,0,100
9,1,0,100
7,4,0,100
5,1,0,100
8,4,0,100
14,1,0,100
3,1,0,100
7,4,0,100
12,4,0,100
11,13,0,100
2,1,0,100
13,1,0,100
8,1,0,100
7,1,0,100
3,1,0,100
5,1,0,100
12,1,0,100
13,1,0,100
12,4,0,100
11,4,0,100
1,1,1,100
9,1,0,100
10,1,0,100
1,1,1,100
10,4,0,100
3,1,0,100
10,1,0,100
13,4,0,100
2,1,0,100
5,1,0,100
14,1,0,100
12,4,0,100
8,1,0,100
2,1,0,100
8,1,0,100
6,4,0,100
11,1,0,100
10,1,0,100
1,1,1,100
10,1,0,100
9,1,0,100
13,13,1,100
12,1,0,100
11,4,0,100
3,1,0,100
11,4,0,100
11,4,0,100
13,1,0,100
6,1,0,100
2,1,0,100
0,1,0,100
4,1,0,100
5,1,0,100
6,1,0,100
9,1,0,100
12,1,0,100
12,4,0,100
12,4,0,100
5,1,0,100
11,13,0,100
4,4,1,100
2,4,0,100
9,1,0,100
5,1,0,100
8,1,0,100
1,1,1,100
14,1,0,100
7,1,0,100
0,1,0,100
6,4,0,100
8,1,0,100
10,1,0,100
11,1,0,100
2,4,0,100
4,4,1,100
8,1,0,100
2,1,0,100
9,1,0,100
11,4,0,100
10,1,0,100
8,1,0,100
7,1,0,100
4,4,1,100
13,1,0,100
11,1,0,100
4,1,0,100
11,4,0,100
7,4,0,100
13,1,0,100
5,1,0,100
6,4,0,100
10,1,0,100
12,1,0,100
1,1,1,100
11,4,0,100
2,12,0,100
9,1,0,100
0,1,0,100
3,1,0,100
7,1,0,100
14,13,0,100
10,1,0,100
7,1,0,100
13,13,1,100
6,4,0,100
3,4,0,100
14,1,0,100
6,4,0,100
3,1,0,100
7,4,0,100
7,1,0,100
2,2,1,100
5,1,0,100
14,1,0,100
6,12,0,100
7,4,0,100
12,4,0,100
12,4,0,100
11,4,0,100
3,4,0,100
3,1,0,100
14,1,0,100
3,1,0,100
8,1,0,100
1,1,1,100
8,1,0,100
5,1,0,100
1,1,1,100
5,1,0,100
11,4,0,100
7,4,0,100
10,1,0,100
8,1,0,100
11,12,0,100
5,1,0,100
6,10,0,100
8,1,0,100
6,4,0,100
5,1,0,100
4,4,1,100
2,1,0,100
11,4,0,100
8,1,0,100
2,1,0,100
5,1,0,100
13,1,0,100
6,4,0,100
8,4,0,100
11,4,0,100
8,1,0,100
8,1,0,100
9,1,0,100
6,12,0,100
8,1,0,100
1,1,1,100
7,1,0,100
7,4,0,100
14,1,0,100
0,1,0,100
4,4,1,100
8,1,0,100
6,1,0,100
0,1,0,100
6,4,0,100
12,4,0,100
13,4,0,100
1,1,1,100
10,1,0,100
6,1,0,100
2,1,0,100
5,4,0,100
11,4,0,100
14,4,0,100
2,1,0,100
6,4,0,100
10,1,0,100
10,10,1,100
6,1,0,100
14,1,0,100
12,4,0,100
0,1,0,100
5,1,0,100
13,1,0,100
4,1,0,100
10,1,0,100
8,1,0,100
2,1,0,100
14,1,0,100
3,1,0,100
0,1,0,100
1,1,1,100
1,1,1,100
1,1,1,100
8,1,0,100
4,1,0,100
8,1,0,100
11,4,0,100
7,1,0,100
2,4,0,100
3,1,0,100
6,1,0,100
10,1,0,100
4,1,0,100
8,1,0,100
0,1,0,100
8,4,0,100
0,1,0,100
5,1,0,100
10,1,0,100
3,1,0,100
5,1,0,100
9,1,0,100
10,1,0,100
4,4,1,100
14,1,0,100
4,1,0,100
8,1,0,100
14,1,0,100
9,4,0,100
7,4,0,100
8,1,0,100
14,1,0,100
11,4,0,100
1,1,1,100
5,1,0,100
13,13,1,100
14,4,0,100
1,1,1,100
12,1,0,100
13,1,0,100
12,4,0,100
4,1,0,100
1,1,1,100
13,13,1,100
0,1,0,100
10,1,0,100
8,1,0,100
14,4,0,100
3,1,0,100
0,4,0,100
9,4,0,100
2,1,0,100
5,1,0,100
8,1,0,100
7,4,0,100
11,4,0,100
2,10,0,100
3,1,0,100
12,1,0,100
2,1,0,100
8,1,0,100
14,1,0,100
10,4,0,100
3,1,0,100
0,1,0,100
8,1,0,100
9,1,0,100
10,1,0,100
4,4,1,100
3,1,0,100
12,1,0,100
11,4,0,100
8,1,0,100
1,1,1,100
2,1,0,100
12,4,0,100
9,1,0,100
4,4,1,100
10,1,0,100
5,1,0,100
7,4,0,100
10,1,0,100
10,1,0,100
4,1,0,100
14,4,0,100
1,1,1,100
14,4,0,100
8,1,0,100
7,4,0,100
10,1,0,100
6,4,0,100
8,4,0,100
12,4,0,100
2,1,0,100
2,4,0,100
4,1,0,100
0,1,0,100
5,1,0,100
5,1,0,100
14,1,0,100
14,1,0,100
13,1,0,100
11,4,0,100
7,4,0,100
1,1,1,100
1,1,1,100
3,1,0,100
6,4,0,100
11,1,0,100
0,1,0,100
5,1,0,100
9,1,0,100
13,1,0,100
0,1,0,100
11,4,0,100
4,4,1,100
2,1,0,100
13,13,1,100
1,1,1,100
2,10,0,100
7,1,0,100
13,1,0,100
11,1,0,100
4,1,0,100
11,4,0,100
7,1,0,100
9,1,0,100
9,1,0,100
11,4,0,100
6,1,0,100
14,12,0,100
14,1,0,100
13,13,1,100
5,1,0,100
6,4,0,100
3,4,0,100
8,1,0,100
8,1,0,100
7,1,0,100
11,4,0,100
12,4,0,100
0,1,0,100
8,1,0,100
4,1,0,100
7,4,0,100
14,1,0,100
12,1,0,100
1,1,1,100
9,1,0,100
0,1,0,100
9,1,0,100
1,1,1,100
11,4,0,100
4,1,0,100
13,1,0,100
14,1,0,100
11,4,0,100
5,1,0,100
10,1,0,100
4,4,1,100
2,1,0,100
5,4,0,100
2,1,0,100
2,2,1,100
8,1,0,100
5,1,0,100
10,1,0,100
14,1,0,100
13,4,0,100
8,1,0,100
4,4,1,100
9,1,0,100
14,1,0,100
11,4,0,100
12,4,0,100
3,1,0,100
4,4,1,100
6,1,0,100
10,1,0,100
14,1,0,100
7,4,0,100
1,1,1,100
3,1,0,100
3,4,0,100
5,4,0,100
4,1,0,100
7,1,0,100
10,1,0,100
3,1,0,100
8,1,0,100
3,1,0,100
4,1,0,100
10,1,0,100
9,1,0,100
8,1,0,100
7,1,0,100
8,1,0,100
3,4,0,100
1,1,1,100
13,1,0,100
3,4,0,100
7,1,0,100
1,1,1,100
8,1,0,100
9,1,0,100
12,1,0,100
2,1,0,100
13,1,0,100
5,1,0,100
4,1,0,100
13,1,0,100
7,4,0,100
8,1,0,100
8,1,0,100
8,1,0,100
6,1,0,100
13,13,1,100
12,4,0,100
8,1,0,100
6,4,0,100
9,12,0,100
2,1,0,100
12,4,0,100
9,1,0,100
12,4,0,100
11,1,0,100
10,4,0,100
12,4,0,100
13,1,0,100
5,1,0,100
8,1,0,100
10,1,0,100
10,1,0,100
10,1,0,100
12,4,0,100
4,4,1,100
9,1,0,100
12,4,0,100
9,1,0,100
10,4,0,100
0,1,0,100
6,1,0,100
2,2,1,100
3,1,0,100
2,1,0,100
4,4,1,100
6,4,0,100
2,1,0,100
2,12,0,100
3,1,0,100
6,4,0,100
1,1,1,100
6,4,0,100
6,4,0,100
1,1,1,100
1,1,1,100
0,4,0,100
8,1,0,100
1,1,1,100
0,1,0,100
14,1,0,100
6,4,0,100
11,4,0,100
2,1,0,100
12,1,0,100
7,4,0,100
13,1,0,100
8,1,0,100
2,12,0,100
6,1,0,100
8,1,0,100
11,4,0,100
8,4,0,100
6,10,0,100
1,1,1,100
13,13,1,100
9,1,0,100
1,1,1,100
0,1,0,100
7,4,0,100
4,4,1,100
14,1,0,100
14,12,0,100
3,1,0,100
4,1,0,100
2,1,0,100
2,1,0,100
6,1,0,100
3,1,0,100
3,1,0,100
14,1,0,100
6,4,0,100
14,4,0,100
6,1,0,100
3,1,0,100
8,1,0,100
7,1,0,100
2,1,0,100
14,1,0,100
4,4,1,100
14,1,0,100
7,1,0,100
13,13,1,100
12,1,0,100
5,1,0,100
3,1,0,100
5,1,0,100
2,4,0,100
11,4,0,100
5,4,0,100
10,1,0,100
3,1,0,100
6,12,0,100
5,1,0,100
6,4,0,100
8,1,0,100
14,1,0,100
7,1,0,100
4,4,1,100
6,4,0,100
3,1,0,100
0,1,0,100
9,1,0,100
11,4,0,100
2,1,0,100
6,1,0,100
4,4,1,100
0,1,0,100
7,4,0,100
12,1,0,100
9,1,0,100
4,1,0,100
14,1,0,100
10,1,0,100
0,1,0,100
0,1,0,100
7,1,0,100
13,4,0,100
12,1,0,100
6,12,0,100
7,4,0,100
6,4,0,100
3,4,0,100
5,1,0,100
11,1,0,100
12,1,0,100
0,1,0,100
14,1,0,100
11,13,0,100
11,4,0,100
11,4,0,100
7,1,0,100
1,1,1,100
0,1,0,100
13,1,0,100
12,4,0,100
1,1,1,100
14,4,0,100
3,4,0,100
0,1,0,100
1,1,1,100
12,4,0,100
8,1,0,100
9,1,0,100
4,4,1,100
8,1,0,100
3,1,0,100
6,10,0,100
10,12,0,100
4,4,1,100
11,4,0,100
12,4,0,100
13,13,1,100
1,1,1,100
12,1,0,100
11,1,0,100
10,1,0,100
2,4,0,100
6,12,0,100
10,1,0,100
13,1,0,100
7,1,0,100
0,1,0,100
1,1,1,100
6,4,0,100
1,1,1,100
9,1,0,100
13,1,0,100
10,1,0,100
8,1,0,100
5,1,0,100
7,4,0,100
7,4,0,100
1,1,1,100
0,1,0,100
14,1,0,100
10,1,0,100
7,4,0,100
14,1,0,100
10,1,0,100
12,4,0,100
4,1,0,100
5,1,0,100
12,1,0,100
9,1,0,100
11,4,0,100
11,1,0,100
0,1,0,100
11,4,0,100
7,1,0,100
4,4,1,100
14,4,0,100
11,4,0,100
14,7,0,100
4,1,0,100
3,1,0,100
9,1,0,100
3,1,0,100
4,1,0,100
8,4,0,100
0,1,0,100
8,1,0,100
10,1,0,100
9,1,0,100
12,4,0,100
6,1,0,100
3,12,0,100
4,1,0,100
14,1,0,100
3,1,0,100
8,1,0,100
8,1,0,100
5,1,0,100
7,1,0,100
9,1,0,100
0,1,0,100
3,1,0,100
9,1,0,100
14,4,0,100
4,4,1,100
4,1,0,100
11,4,0,100
1,1,1,100
12,1,0,100
7,4,0,100
5,1,0,100
6,4,0,100
6,4,0,100
6,4,0,100
3,1,0,100
0,1,0,100
5,1,0,100
4,4,1,100
3,1,0,100
13,13,1,100
11,4,0,100
5,1,0,100
0,1,0,100
14,1,0,100
12,4,0,100
9,1,0,100
10,4,0,100
14,12,0,100
0,1,0,100
9,1,0,100
11,13,0,100
13,1,0,100
10,1,0,100
7,4,0,100
5,1,0,100
1,1,1,100
10,1,0,100
2,4,0,100
11,1,0,100
7,12,0,100
9,1,0,100
4,4,1,100
8,1,0,100
9,1,0,100
0,1,0,100
8,1,0,100
13,1,0,100
5,1,0,100
6,4,0,100
1,1,1,100
11,1,0,100
5,1,0,100
1,1,1,100
11,4,0,100
7,4,0,100
13,4,0,100
12,4,0,100
7,4,0,100
1,1,1,100
12,4,0,100
7,4,0,100
6,1,0,100
11,4,0,100
14,1,0,100
4,1,0,100
14,1,0,100
13,2,0,100
11,4,0,100
13,1,0,100
1,1,1,100
10,1,0,100
9,1,0,100
14,1,0,100
9,1,0,100
4,1,0,100
3,4,0,100
0,1,0,100
6,4,0,100
9,1,0,100
7,4,0,100
10,1,0,100
11,4,0,100
3,1,0,100
10,1,0,100
10,12,0,100
8,1,0,100
13,1,0,100
14,4,0,100
6,4,0,100
4,4,1,100
3,1,0,100
2,1,0,100
5,1,0,100
12,4,0,100
11,4,0,100
6,1,0,100
3,4,0,100
7,1,0,100
2,1,0,100
6,1,0,100
9,1,0,100
10,1,0,100
0,1,0,100
1,1,1,100
7,4,0,100
12,4,0,100
5,1,0,100
0,1,0,100
12,4,0,100
7,1,0,100
11,1,0,100
6,1,0,100
10,4,0,100
2,1,0,100
10,1,0,100
9,1,0,100
8,1,0,100
9,1,0,100
7,4,0,100
1,1,1,100
5,1,0,100
1,1,1,100
1,1,1,100
2,12,0,100
9,1,0,100
2,4,0,100
8,1,0,100
14,1,0,100
14,1,0,100
7,4,0,100
5,1,0,100
11,4,0,100
14,1,0,100
6,10,0,100
1,1,1,100
4,1,0,100
14,4,0,100
8,1,0,100
7,1,0,100
5,1,0,100
13,1,0,100
6,4,0,100
7,1,0,100
9,1,0,100
13,13,1,100
7,1,0,100
0,1,0,100
3,1,0,100
0,1,0,100
7,1,0,100
14,1,0,100
13,1,0,100
12,1,0,100
12,4,0,100
11,1,0,100
6,4,0,100
10,1,0,100
4,4,1,100
0,1,0,100
5,1,0,100
7,4,0,100
8,1,0,100
7,4,0,100
2,1,0,100
3,4,0,100
7,1,0,100
10,1,0,100
11,4,0,100
5,1,0,100
2,1,0,100
0,1,0,100
7,1,0,100
5,1,0,100
3,4,0,100
6,1,0,100
14,1,0,100
7,4,0,100
14,1,0,100
0,1,0,100
11,4,0,100
7,4,0,100
10,1,0,100
4,1,0,100
5,1,0,100
7,4,0,100
2,1,0,100
8,1,0,100
14,1,0,100
10,1,0,100
2,1,0,100
0,1,0,100
8,1,0,100
7,4,0,100
14,1,0,100
8,1,0,100
12,4,0,100
14,13,0,100
13,1,0,100
1,1,1,100
5,1,0,100
2,1,0,100
12,1,0,100
14,1,0,100
14,1,0,100
1,1,1,100
4,1,0,100
9,1,0,100
5,1,0,100
11,1,0,100
0,1,0,100
12,1,0,100
4,4,1,100
1,1,1,100
1,1,1,100
0,1,0,100
0,1,0,100
1,1,1,100
14,1,0,100
8,1,0,100
13,1,0,100
8,1,0,100
6,12,0,100
9,1,0,100
5,1,0,100
7,4,0,100
7,4,0,100
6,4,0,100
12,4,0,100
8,1,0,100
8,1,0,100
0,1,0,100
4,1,0,100
13,1,0,100
3,12,0,100
11,4,0,100
13,1,0,100
5,1,0,100
4,4,1,100
4,1,0,100
6,1,0,100
0,1,0,100
14,1,0,100
9,1,0,100
2,1,0,100
13,1,0,100
11,1,0,100
10,1,0,100
5,4,0,100
6,1,0,100
12,1,0,100
11,4,0,100
9,1,0,100
12,4,0,100
14,1,0,100
4,1,0,100
14,1,0,100
12,4,0,100
9,1,0,100
11,1,0,100
0,1,0,100
0,4,0,100
12,4,0,100
0,1,0,100
7,1,0,100
2,1,0,100
10,1,0,100
8,1,0,100
1,1,1,100
13,13,1,100
3,1,0,100
3,1,0,100
4,1,0,100
2,1,0,100
1,1,1,100
6,4,0,100
6,4,0,100
14,4,0,100
5,1,0,100
6,4,0,100
10,1,0,100
9,1,0,100
3,1,0,100
1,1,1,100
0,0,1,100
4,4,1,100
5,1,0,100
13,1,0,100
4,1,0,100
11,4,0,100
10,4,0,100
12,4,0,100
9,1,0,100
13,1,0,100
8,13,0,100
4,4,1,100
5,4,0,100
0,1,0,100
6,4,0,100
0,1,0,100
2,1,0,100
6,4,0,100
6,1,0,100
5,4,0,100
3,1,0,100
7,4,0,100
1,1,1,100
6,4,0,100
0,1,0,100
10,12,0,100
8,1,0,100
2,1,0,100
8,1,0,100
3,1,0,100
1,1,1,100
1,1,1,100
10,4,0,100
12,1,0,100
1,1,1,100
8,1,0,100
12,4,0,100
3,4,0,100
5,1,0,100
2,4,0,100
5,1,0,100
10,4,0,100
2,4,0,100
1,1,1,100
11,4,0,100
10,4,0,100
6,1,0,100
3,1,0,100
13,1,0,100
2,1,0,100
11,4,0,100
6,4,0,100
9,1,0,100
14,1,0,100
6,4,0,100
5,1,0,100
9,1,0,100
8,4,0,100
14,1,0,100
2,2,1,100
5,1,0,100
7,1,0,100
6,1,0,100
2,4,0,100
4,1,0,100
11,1,0,100
12,4,0,100
0,1,0,100
11,1,0,100
9,1,0,100
4,4,1,100
13,13,1,100
7,1,0,100
0,1,0,100
0,1,0,100
14,1,0,100
12,1,0,100
11,4,0,100
8,1,0,100
6,4,0,100
13,1,0,100
12,1,0,100
14,1,0,100
2,12,0,100
5,1,0,100
0,1,0,100
1,1,1,100
14,1,0,100
2,1,0,100
6,4,0,100
1,1,1,100
5,1,0,100
8,1,0,100
7,4,0,100
9,1,0,100
14,1,0,100
12,4,0,100
9,1,0,100
11,4,0,100
5,4,0,100
12,4,0,100
4,4,1,100
8,1,0,100
2,2,1,100
12,4,0,100
9,1,0,100
1,1,1,100
4,1,0,100
14,1,0,100
5,4,0,100
9,1,0,100
14,1,0,100
9,1,0,100
11,1,0,100
13,4,0,100
4,1,0,100
0,1,0,100
3,1,0,100
3,1,0,100
1,1,1,100
0,1,0,100
12,4,0,100
6,4,0,100
5,1,0,100
12,4,0,100
5,4,0,100
1,1,1,100
2,4,0,100
10,1,0,100
1,1,1,100
9,1,0,100
8,1,0,100
0,1,0,100
2,1,0,100
2,1,0,100
0,1,0,100
6,4,0,100
4,1,0,100
12,1,0,100
14,1,0,100
5,4,0,100
11,4,0,100
8,1,0,100
9,1,0,100
12,12,1,100
10,1,0,100
8,1,0,100
10,1,0,100
8,4,0,100
13,4,0,100
4,4,1,100
6,4,0,100
13,1,0,100
14,1,0,100
10,1,0,100
10,1,0,100
6,4,0,100
1,1,1,100
10,12,0,100
1,1,1,100
14,1,0,100
2,1,0,100
14,1,0,100
10,1,0,100
13,1,0,100
2,10,0,100
6,12,0,100
4,1,0,100
13,1,0,100
13,13,1,100
14,1,0,100
2,4,0,100
8,1,0,100
9,1,0,100
4,4,1,100
8,4,0,100
3,1,0,100
0,1,0,100
8,1,0,100
6,1,0,100
10,1,0,100
14,1,0,100
6,4,0,100
11,1,0,100
8,1,0,100
4,4,1,100
0,1,0,100
3,1,0,100
0,1,0,100
8,1,0,100
2,1,0,100
10,1,0,100
12,12,1,100
13,1,0,100
1,1,1,100
2,1,0,100
14,1,0,100
13,1,0,100
10,1,0,100
9,1,0,100
7,1,0,100
11,1,0,100
14,1,0,100
8,4,0,100
10,1,0,100
10,1,0,100
7,4,0,100
0,1,0,100
7,4,0,100
13,13,1,100
6,4,0,100
0,1,0,100
0,1,0,100
2,1,0,100
4,4,1,100
7,4,0,100
11,4,0,100
4,4,1,100
12,4,0,100
6,4,0,100
13,4,0,100
8,1,0,100
2,1,0,100
14,1,0,100
9,1,0,100
5,1,0,100
13,4,0,100
0,1,0,100
12,1,0,100
10,1,0,100
3,1,0,100
13,1,0,100
11,4,0,100
10,4,0,100
12,4,0,100
9,1,0,100
12,1,0,100
5,1,0,100
4,1,0,100
1,1,1,100
2,1,0,100
10,1,0,100
6,4,0,100
2,1,0,100
11,4,0,100
10,4,0,100
11,4,0,100
10,1,0,100
7,1,0,100
4,4,1,100
6,12,0,100
5,1,0,100
11,1,0,100
1,1,1,100
5,1,0,100
6,12,0,100
1,1,1,100
4,4,1,100
3,1,0,100
6,10,0,100
11,4,0,100
5,1,0,100
12,4,0,100
10,1,0,100
9,1,0,100
3,1,0,100
12,1,0,100
3,1,0,100
7,1,0,100
8,1,0,100
5,1,0,100
9,1,0,100
10,1,0,100
12,1,0,100
4,1,0,100
10,1,0,100
3,4,0,100
4,4,1,100
7,4,0,100
7,1,0,100
8,4,0,100
4,1,0,100
9,1,0,100
13,1,0,100
6,4,0,100
3,1,0,100
2,1,0,100
3,1,0,100
14,1,0,100
6,4,0,100
12,4,0,100
5,1,0,100
6,4,0,100
14,1,0,100
14,1,0,100
0,1,0,100
9,1,0,100
5,1,0,100
0,1,0,100
2,1,0,100
3,4,0,100
1,1,1,100
8,1,0,100
10,12,0,100
10,1,0,100
4,4,1,100
2,1,0,100
6,4,0,100
7,4,0,100
10,12,0,100
9,1,0,100
13,1,0,100
0,1,0,100
14,1,0,100
4,4,1,100
13,1,0,100
8,1,0,100
10,1,0,100
8,1,0,100
8,1,0,100
11,4,0,100
4,4,1,100
0,1,0,100
14,13,0,100
5,1,0,100
7,1,0,100
7,1,0,100
9,1,0,100
8,1,0,100
5,1,0,100
5,1,0,100
11,4,0,100
1,1,1,100
11,4,0,100
10,1,0,100
11,4,0,100
4,4,1,100
10,1,0,100
9,1,0,100
5,1,0,100
5,1,0,100
14,1,0,100
8,1,0,100
11,4,0,100
14,1,0,100
4,1,0,100
5,12,0,100
9,1,0,100
14,1,0,100
14,1,0,100
8,1,0,100
14,1,0,100
5,1,0,100
10,4,0,100
6,4,0,100
1,1,1,100
9,1,0,100
2,1,0,100
3,4,0,100
5,4,0,100
6,1,0,100
5,1,0,100
11,4,0,100
13,1,0,100
14,1,0,100
5,1,0,100
9,1,0,100
14,1,0,100
4,4,1,100
4,4,1,100
4,1,0,100
3,4,0,100
10,1,0,100
0,1,0,100
5,1,0,100
12,4,0,100
6,12,0,100
3,4,0,100
13,13,1,100
13,1,0,100
2,1,0,100
12,4,0,100
1,1,1,100
1,1,1,100
14,1,0,100
11,4,0,100
10,4,0,100
4,4,1,100
6,4,0,100
9,1,0,100
12,4,0,100
11,1,0,100
0,1,0,100
5,1,0,100
4,1,0,100
10,1,0,100
12,1,0,100
3,4,0,100
9,1,0,100
2,12,0,100
3,1,0,100
13,13,1,100
11,4,0,100
2,1,0,100
13,13,1,100
7,4,0,100
13,1,0,100
2,1,0,100
7,4,0,100
10,4,0,100
14,4,0,100
1,1,1,100
3,1,0,100
8,4,0,100
13,4,0,100
1,1,1,100
9,1,0,100
1,1,1,100
3,4,0,100
6,1,0,100
1,1,1,100
4,1,0,100
0,1,0,100
13,13,1,100
13,1,0,100
5,1,0,100
5,1,0,100
6,4,0,100
7,4,0,100
14,1,0,100
10,1,0,100
0,1,0,100
2,1,0,100
5,4,0,100
0,1,0,100
0,1,0,100
8,1,0,100
14,1,0,100
9,1,0,100
6,1,0,100
4,4,1,100
11,1,0,100
14,1,0,100
4,4,1,100
14,1,0,100
14,1,0,100
13,4,0,100
12,4,0,100
13,13,1,100
0,1,0,100
7,1,0,100
2,1,0,100
6,1,0,100
11,4,0,100
14,1,0,100
7,1,0,100
1,1,1,100
10,1,0,100
2,2,1,100
10,1,0,100
7,4,0,100
0,1,0,100
4,1,0,100
7,1,0,100
13,1,0,100
7,1,0,100
9,1,0,100
14,1,0,100
3,1,0,100
13,1,0,100
10,1,0,100
10,12,0,100
7,1,0,100
10,1,0,100
14,4,0,100
14,4,0,100
13,1,0,100
4,4,1,100
4,4,1,100
2,4,0,100
2,1,0,100
12,4,0,100
8,1,0,100
4,4,1,100
8,1,0,100
7,4,0,100
6,1,0,100
4,1,0,100
6,4,0,100
10,4,0,100
8,4,0,100
5,1,0,100
4,1,0,100
11,4,0,100
7,4,0,100
14,1,0,100
11,1,0,100
4,4,1,100
4,4,1,100
8,1,0,100
9,1,0,100
2,1,0,100
11,4,0,100
8,4,0,100
5,1,0,100
8,4,0,100
6,4,0,100
2,2,1,100
9,1,0,100
4,4,1,100
0,1,0,100
7,1,0,100
14,1,0,100
13,1,0,100
12,4,0,100
4,4,1,100
12,1,0,100
2,4,0,100
0,1,0,100
1,1,1,100
7,4,0,100
9,1,0,100
9,4,0,100
8,4,0,100
2,4,0,100
9,4,0,100
12,4,0,100
10,1,0,100
4,1,0,100
13,1,0,100
11,4,0,100
11,4,0,100
0,1,0,100
4,4,1,100
13,4,0,100
0,1,0,100
7,1,0,100
10,1,0,100
11,4,0,100
1,1,1,100
1,1,1,100
2,4,0,100
2,4,0,100
0,1,0,100
5,1,0,100
9,1,0,100
5,1,0,100
6,1,0,100
9,1,0,100
6,4,0,100
8,1,0,100
12,12,1,100
7,1,0,100
3,1,0,100
13,1,0,100
2,4,0,100
7,4,0,100
5,1,0,100
2,1,0,100
13,1,0,100
5,1,0,100
11,4,0,100
7,4,0,100
4,4,1,100
7,1,0,100
3,1,0,100
6,10,0,100
8,1,0,100
9,1,0,100
2,4,0,100
8,1,0,100
9,1,0,100
10,4,0,100
13,1,0,100
12,4,0,100
2,1,0,100
5,1,0,100
4,4,1,100
8,1,0,100
9,1,0,100
4,1,0,100
6,1,0,100
5,4,0,100
7,4,0,100
3,1,0,100
3,1,0,100
10,4,0,100
11,4,0,100
5,1,0,100
1,1,1,100
3,1,0,100
3,1,0,100
9,1,0,100
11,1,0,100
0,1,0,100
2,4,0,100
5,1,0,100
11,4,0,100
13,13,1,100
10,1,0,100
7,1,0,100
12,1,0,100
13,1,0,100
12,4,0,100
1,1,1,100
4,1,0,100
6,4,0,100
0,1,0,100
9,1,0,100
3,1,0,100
12,1,0,100
10,4,0,100
8,1,0,100
1,1,1,100
6,4,0,100
13,1,0,100
8,4,0,100
12,1,0,100
5,1,0,100
13,13,1,100
2,1,0,100
4,1,0,100
8,1,0,100
5,1,0,100
4,4,1,100
12,1,0,100
5,1,0,100
3,1,0,100
7,4,0,100
2,4,0,100
0,1,0,100
5,1,0,100
2,1,0,100
10,1,0,100
5,1,0,100
0,1,0,100
8,1,0,100
2,1,0,100
4,4,1,100
9,1,0,100
4,1,0,100
11,4,0,100
13,1,0,100
1,1,1,100
14,1,0,100
8,1,0,100
2,1,0,100
9,1,0,100
9,4,0,100
14,1,0,100
3,1,0,100
3,1,0,100
12,1,0,100
12,4,0,100
9,1,0,100
0,1,0,100
6,4,0,100
12,1,0,100
8,4,0,100
10,1,0,100
9,1,0,100
13,1,0,100
10,1,0,100
14,1,0,100
3,1,0,100
0,1,0,100
1,1,1,100
5,1,0,100
1,1,1,100
8,1,0,100
13,13,1,100
5,4,0,100
9,1,0,100
8,4,0,100
5,1,0,100
11,4,0,100
2,1,0,100
14,1,0,100
14,1,0,100
5,1,0,100
12,1,0,100
5,1,0,100
2,1,0,100
2,1,0,100
1,1,1,100
12,4,0,100
13,13,1,100
2,12,0,100
2,1,0,100
3,1,0,100
4,4,1,100
10,1,0,100
9,1,0,100
11,4,0,100
2,1,0,100
8,4,0,100
10,1,0,100
9,1,0,100
9,1,0,100
6,10,0,100
8,1,0,100
6,4,0,100
6,12,0,100
4,4,1,100
11,4,0,100
3,1,0,100
11,4,0,100
4,4,1,100
8,1,0,100
2,1,0,100
10,1,0,100
14,1,0,100
4,4,1,100
11,4,0,100
12,4,0,100
2,12,0,100
9,1,0,100
7,1,0,100
12,4,0,100
0,1,0,100
1,1,1,100
2,4,0,100
14,1,0,100
12,4,0,100
12,4,0,100
12,1,0,100
3,1,0,100
2,1,0,100
7,1,0,100
8,1,0,100
5,1,0,100
8,4,0,100
14,1,0,100
1,1,1,100
13,1,0,100
5,1,0,100
3,1,0,100
9,1,0,100
14,4,0,100
0,1,0,100
8,1,0,100
3,1,0,100
1,1,1,100
2,1,0,100
7,1,0,100
4,1,0,100
8,1,0,100
6,4,0,100
3,1,0,100
2,12,0,100
13,13,1,100
7,1,0,100
9,1,0,100
3,1,0,100
9,1,0,100
11,4,0,100
13,1,0,100
1,1,1,100
5,1,0,100
14,1,0,100
6,4,0,100
10,1,0,100
3,1,0,100
10,1,0,100
8,1,0,100
12,1,0,100
13,4,0,100
11,4,0,100
9,1,0,100
12,4,0,100
1,1,1,100
3,1,0,100
6,4,0,100
9,1,0,100
2,1,0,100
11,4,0,100
6,4,0,100
11,1,0,100
11,4,0,100
14,1,0,100
0,1,0,100
14,1,0,100
0,1,0,100
3,1,0,100
5,4,0,100
8,1,0,100
8,1,0,100
0,1,0,100
13,1,0,100
12,1,0,100
8,4,0,100
6,4,0,100
9,1,0,100
3,1,0,100
11,1,0,100
10,1,0,100
13,1,0,100
13,1,0,100
0,1,0,100
3,1,0,100
14,1,0,100
2,1,0,100
5,1,0,100
13,1,0,100
0,1,0,100
6,4,0,100
6,4,0,100
9,4,0,100
13,4,0,100
4,4,1,100
4,1,0,100
8,1,0,100
2,1,0,100
9,1,0,100
13,4,0,100
7,1,0,100
0,4,0,100
7,4,0,100
11,4,0,100
1,1,1,100
3,1,0,100
10,1,0,100
3,1,0,100
9,1,0,100
9,1,0,100
7,1,0,100
1,1,1,100
9,1,0,100
7,4,0,100
1,1,1,100
1,1,1,100
7,4,0,100
7,1,0,100
9,1,0,100
5,1,0,100
9,4,0,100
3,1,0,100
8,1,0,100
0,4,0,100
9,1,0,100
2,1,0,100
9,1,0,100
9,1,0,100
0,1,0,100
7,4,0,100
9,1,0,100
8,4,0,100
7,1,0,100
8,1,0,100
2,1,0,100
7,1,0,100
12,1,0,100
4,1,0,100
11,12,0,100
14,1,0,100
14,4,0,100
0,1,0,100
13,13,1,100
6,4,0,100
11,4,0,100
3,1,0,100
2,1,0,100
2,1,0,100
13,4,0,100
7,1,0,100
11,4,0,100
14,1,0,100
4,4,1,100
1,1,1,100
7,4,0,100
5,1,0,100
1,1,1,100
0,1,0,100
1,1,1,100
12,1,0,100
10,1,0,100
3,1,0,100
7,1,0,100
14,1,0,100
10,1,0,100
14,1,0,100
4,4,1,100
11,4,0,100
11,4,0,100
13,1,0,100
7,4,0,100
6,12,0,100
12,4,0,100
7,1,0,100
6,4,0,100
14,1,0,100
7,4,0,100
2,4,0,100
8,1,0,100
3,1,0,100
7,1,0,100
8,1,0,100
8,1,0,100
10,1,0,100
4,4,1,100
7,1,0,100
8,1,0,100
8,1,0,100
5,1,0,100
13,1,0,100
11,1,0,100
10,4,0,100
7,1,0,100
3,1,0,100
2,1,0,100
2,1,0,100
10,1,0,100
3,1,0,100
11,4,0,100
3,1,0,100
10,4,0,100
1,1,1,100
2,1,0,100
13,13,1,100
5,4,0,100
10,4,0,100
5,1,0,100
14,1,0,100
8,4,0,100
1,1,1,100
12,4,0,100
9,1,0,100
5,1,0,100
3,1,0,100
3,1,0,100
11,4,0,100
2,1,0,100
1,1,1,100
12,4,0,100
14,1,0,100
2,1,0,100
6,4,0,100
0,1,0,100
13,1,0,100
6,4,0,100
3,1,0,100
5,1,0,100
3,4,0,100
6,1,0,100
3,1,0,100
11,4,0,100
10,1,0,100
1,1,1,100
0,1,0,100
12,1,0,100
13,1,0,100
8,4,0,100
4,1,0,100
8,1,0,100
1,1,1,100
4,4,1,100
10,1,0,100
11,4,0,100
3,1,0,100
14,1,0,100
10,12,0,100
11,4,0,100
14,1,0,100
11,4,0,100
0,1,0,100
13,1,0,100
14,1,0,100
11,4,0,100
7,1,0,100
14,1,0,100
6,1,0,100
8,1,0,100
4,1,0,100
7,4,0,100
12,1,0,100
10,1,0,100
0,1,0,100
0,1,0,100
7,4,0,100
10,1,0,100
3,1,0,100
12,1,0,100
8,1,0,100
13,13,1,100
5,1,0,100
2,1,0,100
10,1,0,100
4,1,0,100
3,1,0,100
8,1,0,100
0,1,0,100
6,1,0,100
6,4,0,100
7,1,0,100
13,13,1,100
2,1,0,100
2,1,0,100
0,1,0,100
10,1,0,100
5,1,0,100
3,1,0,100
1,1,1,100
0,1,0,100
5,1,0,100
7,1,0,100
3,1,0,100
8,4,0,100
7,4,0,100
9,1,0,100
6,1,0,100
0,1,0,100
7,4,0,100
1,1,1,100
1,1,1,100
11,4,0,100
13,1,0,100
7,1,0,100
4,1,0,100
4,1,0,100
13,1,0,100
6,4,0,100
4,4,1,100
0,1,0,100
11,4,0,100
5,1,0,100
3,1,0,100
0,1,0,100
11,4,0,100
5,1,0,100
0,1,0,100
11,1,0,100
12,1,0,100
2,1,0,100
6,4,0,100
6,12,0,100
12,1,0,100
7,4,0,100
1,1,1,100
0,1,0,100
11,4,0,100
14,1,0,100
12,1,0,100
6,1,0,100
10,1,0,100
2,1,0,100
12,1,0,100
3,1,0,100
2,1,0,100
0,1,0,100
3,4,0,100
8,1,0,100
0,1,0,100
11,13,0,100
12,4,0,100
6,4,0,100
13,1,0,100
4,4,1,100
2,1,0,100
5,1,0,100
4,4,1,100
6,1,0,100
10,1,0,100
1,1,1,100
9,1,0,100
8,4,0,100
9,1,0,100
8,1,0,100
2,1,0,100
12,1,0,100
3,1,0,100
8,4,0,100
9,1,0,100
11,1,0,100
7,1,0,100
3,1,0,100
7,1,0,100
3,4,0,100
7,4,0,100
14,1,0,100
14,1,0,100
1,1,1,100
13,4,0,100
6,4,0,100
5,1,0,100
0,1,0,100
6,10,0,100
3,4,0,100
3,1,0,100
10,1,0,100
10,1,0,100
3,1,0,100
9,4,0,100
14,1,0,100
2,1,0,100
8,4,0,100
6,1,0,100
12,1,0,100
9,1,0,100
